Game title,Rating,#Reviews,Discount%,Price,RegularPrice,ReleaseYear,Win,Linux,OSX,Time
Baldur's Gate 3,9/9,"641,489",-20%,"47,99€","59,99€","3 Aug, 2023",1,1,0,2025-12-02 01:59:49
Dead by Daylight,6/9,"566,339",-60%,"7,99€","19,99€","14 Jun, 2016",1,0,0,2025-12-02 01:59:49
HELLDIVERS™ 2,6/9,"710,695",-20%,"31,99€","39,99€","8 Feb, 2024",1,0,0,2025-12-02 01:59:49
Call of Duty®: Black Ops III,8/9,"136,735",-67%,"19,79€","59,99€","5 Nov, 2015",1,1,0,2025-12-02 01:59:49
Dead Space,8/9,"41,806",-75%,"14,99€","59,99€","27 Jan, 2023",1,0,0,2025-12-02 01:59:49
NBA 2K25,5/9,"13,440",-67%,"23,09€","69,99€","28 Oct, 2024",1,0,0,2025-12-02 01:59:49
Teardown,9/9,"97,488",-50%,"14,99€","29,99€","21 Apr, 2022",1,0,0,2025-12-02 01:59:49
Divinity: Original Sin 2 - Definitive Edition,9/9,"163,557",-70%,"13,49€","44,99€","14 Sep, 2017",1,1,0,2025-12-02 01:59:49
Project Zomboid,8/9,"270,036",-33%,"13,06€","19,50€","8 Nov, 2013",1,1,1,2025-12-02 01:59:49
Cult of the Lamb,9/9,"84,958",-50%,"11,49€","22,99€","11 Aug, 2022",1,1,0,2025-12-02 01:59:49
Foundation,8/9,"16,331",-25%,"25,49€","33,99€","31 Jan, 2025",1,0,0,2025-12-02 01:59:49
ARK: Survival Ascended,5/9,"62,664",-45%,"24,74€","44,99€","25 Oct, 2023",1,0,0,2025-12-02 01:59:49
Door Kickers 2: Task Force North,9/9,"8,067",-10%,"21,60€","24,00€","10 Feb, 2025",1,1,0,2025-12-02 01:59:49
Sackboy™: A Big Adventure,8/9,"1,940",-60%,"23,99€","59,99€","27 Oct, 2022",1,0,0,2025-12-02 01:59:49
Grand Theft Auto V,8/9,"1,790,807",,"29,98€",,"13 Apr, 2015",1,0,0,2025-12-02 01:59:49
Mafia Trilogy,8/9,"154,107",-77%,"14,93€","64,97€",,1,0,0,2025-12-02 01:59:49
Call of Duty®: Modern Warfare®,6/9,"17,856",-67%,"19,79€","59,99€","8 Mar, 2023",1,0,0,2025-12-02 01:59:49
Age of Wonders 4,8/9,"12,458",-36%,"31,99€","49,99€","2 May, 2023",1,0,0,2025-12-02 01:59:49
Risk of Rain 2,8/9,"206,084",-67%,"8,24€","24,99€","11 Aug, 2020",1,0,0,2025-12-02 01:59:49
The Lucky 7 Bundle,8/9,"27,225",-62%,"38,15€","99,57€",,1,0,0,2025-12-02 01:59:49
Dying Light 2: Stay Human Digital Extras Edition,6/9,"140,626",-67%,"23,09€","69,99€","27 Sep, 2024",1,0,0,2025-12-02 01:59:49
The Executive - Movie Industry Tycoon,7/9,29,-10%,"13,49€","14,99€","11 Feb, 2025",1,1,0,2025-12-02 01:59:49
Call of Duty®: Black Ops II,8/9,"20,567",-67%,"19,79€","59,99€","12 Nov, 2012",1,0,0,2025-12-02 01:59:49
LEGO® Star Wars™: The Skywalker Saga,8/9,"34,930",-80%,"9,99€","49,99€","5 Apr, 2022",1,0,0,2025-12-02 01:59:49
Borderlands 3,8/9,"111,987",-90%,"5,99€","59,99€","13 Mar, 2020",1,0,0,2025-12-02 01:59:49
Dying Light 2 Stay Human: Reloaded Edition,6/9,"140,610",-67%,"23,09€","69,99€","3 Feb, 2022",1,0,0,2025-12-02 01:59:50
Rain World,8/9,"30,882",-55%,"11,02€","24,50€","28 Mar, 2017",1,0,0,2025-12-02 01:59:50
Green Hell,8/9,"58,248",-67%,"6,92€","20,99€","5 Sep, 2019",1,0,0,2025-12-02 01:59:50
Spyro™ Reignited Trilogy,8/9,"12,113",-75%,"9,99€","39,99€","3 Sep, 2019",1,0,0,2025-12-02 01:59:50
Deep Rock Galactic,9/9,"265,507",-67%,"9,89€","29,99€","13 May, 2020",1,0,0,2025-12-02 01:59:50
SnowRunner - 4-Year Anniversary Edition,8/9,"35,897",,"75,35€",,,1,1,0,2025-12-02 01:59:50
Back 4 Blood,5/9,"50,292",-90%,"5,99€","59,99€","12 Oct, 2021",1,0,0,2025-12-02 01:59:50
Train Sim World® 5,8/9,"1,137",-60%,"17,99€","44,99€","17 Sep, 2024",1,0,0,2025-12-02 01:59:50
Content Warning,8/9,"51,366",-30%,"5,45€","7,79€","1 Apr, 2024",1,0,0,2025-12-02 01:59:50
Crusader Kings III: Collection,8/9,"91,486",,"171,09€",,,1,1,1,2025-12-02 01:59:50
Disney Epic Mickey: Rebrushed,8/9,708,-55%,"26,99€","59,99€","24 Sep, 2024",1,0,0,2025-12-02 01:59:50
Barony,8/9,"6,564",-35%,"12,67€","19,50€","23 Jun, 2015",1,1,1,2025-12-02 01:59:50
Mouthwashing,9/9,"23,225",-20%,"10,23€","12,79€","26 Sep, 2024",1,0,0,2025-12-02 01:59:50
HELLDIVERS™ 2 Super Citizen Edition,6/9,"712,583",-20%,"47,99€","59,99€",,1,0,0,2025-12-02 01:59:50
The Elder Scrolls III: Morrowind® Game of the Year Edition,9/9,"19,773",-75%,"3,74€","14,99€","16 Jun, 2009",1,0,0,2025-12-02 01:59:50
Mortal Kombat 1,6/9,"21,893",-60%,"19,99€","49,99€","19 Sep, 2023",1,0,0,2025-12-02 01:59:50
Cult of the Lamb: The One Who Waits,9/9,"85,706",-38%,"30,87€","49,44€",,1,1,0,2025-12-02 01:59:50
Call of Duty®: Infinite Warfare,5/9,"15,448",-67%,"19,79€","59,99€","3 Nov, 2016",1,0,0,2025-12-02 01:59:50
Overcooked! 2,8/9,"50,485",-75%,"5,74€","22,99€","7 Aug, 2018",1,1,1,2025-12-02 01:59:50
Mortal Kombat 11,8/9,"77,261",-90%,"4,99€","49,99€","23 Apr, 2019",1,0,0,2025-12-02 01:59:50
Stranded Deep,6/9,"41,288",-50%,"7,99€","15,99€","10 Aug, 2022",1,1,1,2025-12-02 01:59:50
Poppy Playtime - Chapter 4,5/9,"6,180",-25%,"14,62€","19,50€","30 Jan, 2025",1,0,0,2025-12-02 01:59:50
Crash Bandicoot™ 4: It’s About Time,8/9,"2,796",-50%,"19,99€","39,99€","18 Oct, 2022",1,0,0,2025-12-02 01:59:50
Tape to Tape,8/9,"2,536",-25%,"14,62€","19,50€","3 May, 2023",1,0,0,2025-12-02 01:59:50
Conan Exiles - Complete Edition,6/9,"72,890",,"150,17€",,,1,0,0,2025-12-02 01:59:50
Crash Bandicoot™ N. Sane Trilogy,8/9,"12,316",-60%,"15,99€","39,99€","29 Jun, 2018",1,0,0,2025-12-02 01:59:52
Call of Duty®: Black Ops Cold War,8/9,"17,427",-67%,"19,79€","59,99€","8 Mar, 2023",1,0,0,2025-12-02 01:59:52
Left 4 Dead 2,9/9,"711,993",-90%,"0,97€","9,75€","16 Nov, 2009",1,0,1,2025-12-02 01:59:52
Insurgency: Sandstorm,8/9,"96,732",-67%,"9,89€","29,99€","12 Dec, 2018",1,0,0,2025-12-02 01:59:52
Vampire Survivors: Game + All DLC + OST Bundle,9/9,"239,978",-19%,"13,59€","16,73€",,1,1,0,2025-12-02 01:59:52
Call of Duty®: Modern Warfare® III,4/9,"11,622",-50%,"34,99€","69,99€","10 Nov, 2023",1,0,0,2025-12-02 01:59:52
Call of Duty®: WWII,5/9,"29,575",-67%,"19,79€","59,99€","2 Nov, 2017",1,0,0,2025-12-02 01:59:52
HELLCARD & DLC,8/9,"2,669",-40%,"17,31€","28,87€",,1,0,0,2025-12-02 01:59:52
Vampire Survivors,9/9,"233,864",-25%,"3,74€","4,99€","20 Oct, 2022",1,1,0,2025-12-02 01:59:52
Portal 2,9/9,"350,459",-90%,"0,97€","9,75€","18 Apr, 2011",1,0,1,2025-12-02 01:59:52
Dying Light,9/9,"330,252",-70%,"5,99€","19,99€","27 Jan, 2025",1,1,1,2025-12-02 01:59:52
Goat Simulator 3,9/9,"8,025",-60%,"11,99€","29,99€","15 Feb, 2024",1,0,0,2025-12-02 01:59:52
Ultimate Chicken Horse,9/9,"35,250",-65%,"4,54€","12,99€","4 Mar, 2016",1,1,1,2025-12-02 01:59:52
Kingdom Two Crowns,8/9,"24,592",-75%,"4,99€","19,99€","11 Dec, 2018",1,1,1,2025-12-02 01:59:52
The Long Dark x Pacific Drive,8/9,"110,109",,"53,98€",,,1,0,0,2025-12-02 01:59:52
Dokapon Kingdom: Connect,8/9,440,-70%,"14,69€","48,99€","7 Sep, 2023",1,0,0,2025-12-02 01:59:52
The Dark Pictures Anthology: The Devil in Me,5/9,"2,642",-63%,"14,79€","39,99€","17 Nov, 2022",1,0,0,2025-12-02 01:59:52
Divinity: Original Sin - Enhanced Edition,8/9,"23,243",-80%,"7,99€","39,99€","27 Oct, 2015",1,1,1,2025-12-02 01:59:52
Borderlands: The Handsome Collection,8/9,"233,913",-58%,"12,86€","30,68€",,1,1,1,2025-12-02 01:59:52
Chained Together,8/9,"42,454",-10%,"4,49€","4,99€","19 Jun, 2024",1,0,0,2025-12-02 01:59:52
Field of Glory Masters Edition,8/9,"1,371",-32%,"34,67€","50,98€",,1,0,0,2025-12-02 01:59:52
Call of Duty®: Black Ops,8/9,"19,553",-50%,"19,99€","39,99€","8 Nov, 2010",1,0,0,2025-12-02 01:59:52
Mafia: Definitive Edition,8/9,"67,673",-80%,"7,99€","39,99€","24 Sep, 2020",1,0,0,2025-12-02 01:59:52
Field of Glory II Complete,8/9,740,-64%,"38,44€","105,95€",,1,0,0,2025-12-02 01:59:52
Borderlands 3 Ultimate Edition,8/9,"117,849",-30%,"23,21€","33,15€",,1,0,0,2025-12-02 01:59:52
F.E.A.R. 2: Project Origin,8/9,"4,726",-80%,"2,99€","14,99€","12 Feb, 2009",1,0,0,2025-12-02 01:59:53
Rabbit and Steel,9/9,"7,239",-30%,"10,35€","14,79€","9 May, 2024",1,0,0,2025-12-02 01:59:53
Hero Siege,5/9,"31,789",-90%,"0,77€","7,79€","29 Jan, 2014",1,0,1,2025-12-02 01:59:53
Great Grids,9/9,"3,723",,"55,02€",,,1,0,0,2025-12-02 01:59:53
Risk of Rain 2: Seekers of the Storm,4/9,"9,276",-35%,"9,74€","14,99€","27 Aug, 2024",1,0,0,2025-12-02 01:59:53
HELLDIVERS™ Dive Harder Edition,8/9,"23,648",-80%,"3,99€","19,99€","7 Dec, 2015",1,0,0,2025-12-02 01:59:53
Reality Break,8/9,143,-10%,"22,05€","24,50€","10 Feb, 2025",1,0,0,2025-12-02 01:59:53
Keep Talking and Nobody Explodes,9/9,"12,765",-70%,"4,43€","14,79€","8 Oct, 2015",1,1,1,2025-12-02 01:59:53
Mafia II: Definitive Edition,8/9,"53,178",-75%,"7,49€","29,99€","19 May, 2020",1,0,0,2025-12-02 01:59:53
UFO 50,9/9,"5,456",-15%,"20,82€","24,50€","18 Sep, 2024",1,0,0,2025-12-02 01:59:53
Hellish Quart,8/9,"6,570",-55%,"8,54€","18,99€","16 Feb, 2021",1,0,0,2025-12-02 01:59:53
Little Big Adventure - Twinsen's Quest - Digital Deluxe Edition,8/9,581,-30%,"27,97€","39,97€",,1,0,0,2025-12-02 01:59:53
Golf With Your Friends,8/9,"43,654",-68%,"4,79€","14,99€","19 May, 2020",1,1,1,2025-12-02 01:59:53
HELLCARD,8/9,"2,630",-40%,"14,70€","24,50€","1 Feb, 2024",1,0,0,2025-12-02 01:59:53
Marvel's Guardians of the Galaxy,8/9,"29,169",-85%,"8,99€","59,99€","26 Oct, 2021",1,0,0,2025-12-02 01:59:53
Destiny 2: The Final Shape,6/9,"5,237",-60%,"19,99€","49,99€","4 Jun, 2024",1,0,0,2025-12-02 01:59:53
Terraforming Mars,6/9,"4,654",-55%,"8,99€","19,99€","17 Oct, 2018",1,1,0,2025-12-02 01:59:53
The Thing: Remastered,8/9,679,-20%,"23,19€","28,99€","5 Dec, 2024",1,0,0,2025-12-02 01:59:53
Dying Light: Definitive 10th Anniversary Edition,8/9,"343,891",-11%,"58,73€","65,73€",,1,0,0,2025-12-02 01:59:53
Train Simulator Classic 2024,6/9,"18,248",-70%,"8,99€","29,99€","17 Sep, 2015",1,0,0,2025-12-02 01:59:53
Tony Hawk's™ Pro Skater™ 1 + 2,8/9,"3,475",-60%,"17,99€","44,99€","3 Oct, 2023",1,0,0,2025-12-02 01:59:53
War On Doors Collection,9/9,"24,164",-22%,"38,68€","49,48€",,1,0,0,2025-12-02 01:59:53
Mafia II (Classic),8/9,"33,021",-75%,"7,49€","29,99€","19 May, 2020",1,0,0,2025-12-02 01:59:53
Battle Brothers & All DLC,8/9,"22,305",,"58,46€",,,1,0,0,2025-12-02 01:59:53
Game Dev Tycoon + The Executive,9/9,"38,388",-6%,"20,68€","22,03€",,1,1,0,2025-12-02 01:59:53
Mafia III: Definitive Edition,5/9,"33,258",-75%,"7,49€","29,99€","19 May, 2020",1,1,0,2025-12-02 01:59:54
LEGO® Batman™ 3: Beyond Gotham,8/9,"5,972",-90%,"4,99€","49,99€","11 Nov, 2014",1,0,0,2025-12-02 01:59:54
Gears 5,6/9,"18,918",-75%,"7,49€","29,99€","9 Sep, 2019",1,0,0,2025-12-02 01:59:54
Spelunky 2,8/9,"17,992",-60%,"6,71€","16,79€","29 Sep, 2020",1,0,0,2025-12-02 01:59:54
GUILTY GEAR -STRIVE-,8/9,"40,990",-50%,"19,99€","39,99€","11 Jun, 2021",1,0,0,2025-12-02 01:59:54
XCOM: Ultimate Collection,8/9,"138,896",-72%,"18,34€","65,83€",,1,0,0,2025-12-02 01:59:54
TEKKEN 7,8/9,"65,243",-75%,"9,99€","39,99€","1 Jun, 2017",1,0,0,2025-12-02 01:59:54
Castle Crashers®,9/9,"93,852",-90%,"1,19€","11,99€","26 Sep, 2012",1,1,0,2025-12-02 01:59:54
Tomb Raider IV-VI Remastered,,,-10%,"26,09€","28,99€","14 Feb, 2025",1,0,0,2025-12-02 01:59:54
BATTLETECH,8/9,"21,416",-75%,"9,99€","39,99€","24 Apr, 2018",1,1,1,2025-12-02 01:59:54
Gloomhaven,8/9,"12,521",-60%,"13,99€","34,99€","20 Oct, 2021",1,1,0,2025-12-02 01:59:54
Borderlands 2,9/9,"193,782",-75%,"7,49€","29,99€","20 Sep, 2012",1,1,1,2025-12-02 01:59:54
Sword and Fairy 7 + Dreamlike World BUNDLE,6/9,"15,287",,"26,08€",,,1,0,0,2025-12-02 01:59:54
LEGO Movie 2 - Videogame & LEGO Worlds Bundle,6/9,"13,089",-85%,"8,98€","59,98€",,1,0,0,2025-12-02 01:59:54
The Quarry,8/9,"10,670",-85%,"8,99€","59,99€","9 Jun, 2022",1,0,0,2025-12-02 01:59:54
LEGO Batman Trilogy,8/9,"20,584",-90%,"4,99€","49,99€","11 Nov, 2014",1,0,0,2025-12-02 01:59:54
Atelier Sophie 2: The Alchemist of the Mysterious Dream,8/9,"1,889",-50%,"29,99€","59,99€","24 Feb, 2022",1,0,0,2025-12-02 01:59:54
SAMURAI WARRIORS 4 DX,8/9,310,-40%,"29,99€","49,99€","13 May, 2024",1,0,0,2025-12-02 01:59:54
Coridden x Gamedec x Zoria: AOS,8/9,"1,569",-46%,"34,21€","62,88€",,1,0,0,2025-12-02 01:59:54
Divinity: Original Sin - The Source Saga,8/9,"186,800",-75%,"15,03€","59,48€",,1,1,0,2025-12-02 01:59:54
Teenage Mutant Ninja Turtles: Splintered Fate,8/9,"1,162",-35%,"18,19€","27,99€","6 Nov, 2024",1,0,0,2025-12-02 01:59:54
Project Unknown,8/9,276,-50%,"4,87€","9,75€","12 Jul, 2024",1,0,0,2025-12-02 01:59:54
Tropico 6,8/9,"17,838",-62%,"13,83€","36,45€","29 Mar, 2019",1,1,1,2025-12-02 01:59:54
FEAR Complete Pack,8/9,"22,805",-90%,"5,49€","54,99€","12 Jul, 2012",1,0,0,2025-12-02 01:59:54
Hell Let Loose,8/9,"88,044",-40%,"41,99€","69,99€","27 Jul, 2021",1,0,0,2025-12-02 01:59:54
